Acquired Time,Precursor,MinStartTime,MaxEndTime,Annotations,BestRetentionTime ,MaxFWHM,TotalArea
9/19/11 13:14,VLVLDTDYK,24.3,25.08,,24.62,0.29,116034248
9/19/11 14:45,VLVLDTDYK,24.36,25.17,,24.7,0.31,127339240
9/19/11 16:15,VLVLDTDYK,24.19,24.96,,24.53,0.31,110745576
9/19/11 17:46,VLVLDTDYK,24.22,25.02,,24.59,0.31,130619640
9/19/11 19:16,VLVLDTDYK,24.27,25.05,,24.62,0.3,113469472
9/19/11 20:47,VLVLDTDYK,24.42,25.22,,24.76,0.3,120836432
9/19/11 22:18,VLVLDTDYK,24.45,25.25,,24.79,0.3,130383616
9/19/11 23:48,VLVLDTDYK,24.5,25.28,,24.85,0.3,122144608
9/20/11 1:19,VLVLDTDYK,24.47,25.28,,24.82,0.29,126206200
9/20/11 16:26,VLVLDTDYK,24.24,25.02,,24.53,0.31,132010632
9/20/11 17:57,VLVLDTDYK,24.19,24.96,,24.53,0.31,133893448
9/20/11 19:28,VLVLDTDYK,24.36,25.17,,24.7,0.3,124086984
9/21/11 3:02,VLVLDTDYK,24.47,25.28,,24.85,0.3,128337680
9/21/11 15:07,VLVLDTDYK,24.27,25.05,,24.62,0.3,117667432
9/21/11 16:37,VLVLDTDYK,24.19,24.96,,24.53,0.29,121610568
9/21/11 18:08,VLVLDTDYK,24.3,25.08,,24.65,0.29,124035496
9/22/11 5:37,VLVLDTDYK,24.36,25.14,,24.7,0.3,123694048
9/22/11 15:37,VLVLDTDYK,24.33,25.11,,24.65,0.29,117995552
9/23/11 1:35,VLVLDTDYK,24.56,25.34,,24.88,0.3,113882032
9/23/11 3:05,VLVLDTDYK,24.59,25.37,,24.91,0.3,112369192
9/23/11 4:36,VLVLDTDYK,24.5,25.28,,24.82,0.29,108572992
9/23/11 12:09,VLVLDTDYK,24.65,25.28,,24.94,0.3,17096
9/24/11 0:15,VLVLDTDYK,24.39,25.17,,24.73,0.29,114232536
9/24/11 1:46,VLVLDTDYK,24.5,25.28,,24.85,0.28,110165896
9/24/11 3:16,VLVLDTDYK,24.56,25.31,,24.88,0.27,119396328
9/24/11 14:47,VLVLDTDYK,24.42,25.17,,24.73,0.3,121705136
9/25/11 1:03,VLVLDTDYK,24.42,25.22,,24.76,0.3,106307968
9/25/11 11:02,VLVLDTDYK,24.27,25.08,,24.65,0.3,107107792
9/25/11 12:33,VLVLDTDYK,24.24,25.02,,24.59,0.3,104155072
9/25/11 14:03,VLVLDTDYK,24.33,25.11,,24.65,0.29,107286680
9/25/11 21:37,VLVLDTDYK,24.53,25.31,,24.85,0.3,118212120
9/26/11 9:42,VLVLDTDYK,24.3,25.11,,24.68,0.3,116528872
9/26/11 11:13,VLVLDTDYK,24.36,25.14,,24.68,0.3,110364800
9/26/11 12:43,VLVLDTDYK,24.27,25.08,,24.62,0.29,105226112
9/27/11 0:12,VLVLDTDYK,24.42,25.19,,24.76,0.29,112290400
9/27/11 10:10,VLVLDTDYK,24.27,25.05,,24.62,0.29,105977904
9/27/11 20:05,VLVLDTDYK,24.36,25.17,,24.7,0.3,124188336
9/27/11 21:36,VLVLDTDYK,24.39,25.22,,24.76,0.32,101415736
9/27/11 23:06,VLVLDTDYK,24.36,25.17,,24.76,0.31,101154816
9/28/11 6:39,VLVLDTDYK,24.3,25.08,,24.65,0.3,102023224
9/28/11 18:44,VLVLDTDYK,24.22,25.02,,24.56,0.29,89610200
9/28/11 20:15,VLVLDTDYK,24.22,24.99,,24.59,0.3,93997712
9/28/11 21:45,VLVLDTDYK,24.1,24.91,,24.47,0.3,90727008
9/29/11 9:15,VLVLDTDYK,24.27,25.08,,24.59,0.31,99698832
9/29/11 19:13,VLVLDTDYK,24.36,25.17,,24.73,0.29,91007240
9/28/11 21:45,VLVLDTDYK,24.1,24.91,,24.47,0.3,90727008
9/19/11 13:14,DGGIDPLVR,22.46,23.21,,22.83,0.26,29848742
9/19/11 14:45,DGGIDPLVR,22.52,23.27,,22.83,0.27,30046920
9/19/11 16:15,DGGIDPLVR,22.37,23.12,,22.72,0.26,28826946
9/19/11 17:46,DGGIDPLVR,22.37,23.12,,22.75,0.27,31871090
9/19/11 19:16,DGGIDPLVR,22.4,23.18,,22.78,0.28,29745404
9/19/11 20:47,DGGIDPLVR,22.57,23.35,,22.98,0.27,33090204
9/19/11 22:18,DGGIDPLVR,22.6,23.35,,22.95,0.27,32437554
9/19/11 23:48,DGGIDPLVR,22.66,23.41,,23.01,0.26,32072204
9/20/11 1:19,DGGIDPLVR,22.66,23.41,,23.03,0.27,32815172
9/20/11 16:26,DGGIDPLVR,22.4,23.15,,22.75,0.26,33779368
9/20/11 17:57,DGGIDPLVR,22.34,23.12,,22.72,0.29,34882600
9/20/11 19:28,DGGIDPLVR,22.52,23.27,,22.86,0.28,33084932
9/21/11 3:02,DGGIDPLVR,22.63,23.41,,22.98,0.26,34972104
9/21/11 15:07,DGGIDPLVR,22.46,23.21,,22.83,0.28,27064946
9/21/11 16:37,DGGIDPLVR,22.37,23.12,,22.75,0.27,27699456
9/21/11 18:08,DGGIDPLVR,22.46,23.24,,22.8,0.25,29321740
9/22/11 5:37,DGGIDPLVR,22.55,23.29,,22.89,0.28,28574646
9/22/11 15:37,DGGIDPLVR,22.55,23.29,,22.92,0.27,28624674
9/23/11 1:35,DGGIDPLVR,22.75,23.5,,23.12,0.26,26458728
9/23/11 3:05,DGGIDPLVR,22.78,23.52,,23.15,0.26,25558442
9/23/11 4:36,DGGIDPLVR,22.69,23.44,,23.06,0.26,25948516
9/23/11 12:09,DGGIDPLVR,22.6,23.38,,22.98,0.27,27211380
9/24/11 0:15,DGGIDPLVR,22.69,23.44,,23.09,0.28,25579962
9/24/11 1:46,DGGIDPLVR,22.72,23.47,,23.09,0.27,25740914
9/24/11 3:16,DGGIDPLVR,22.6,23.35,,22.98,0.27,30205978
9/24/11 14:47,DGGIDPLVR,22.57,23.32,,22.95,0.27,24858712
9/25/11 1:03,DGGIDPLVR,22.43,23.21,,22.8,0.28,25741174
9/25/11 11:02,DGGIDPLVR,22.34,23.15,,22.72,0.28,25471416
9/25/11 12:33,DGGIDPLVR,22.49,23.27,,22.86,0.26,25515072
9/25/11 14:03,DGGIDPLVR,22.72,23.47,,23.06,0.27,28085734
9/25/11 21:37,DGGIDPLVR,22.49,23.27,,22.86,0.29,27300512
9/26/11 9:42,DGGIDPLVR,22.52,23.32,,22.92,0.27,23546816
9/26/11 11:13,DGGIDPLVR,22.4,23.21,,22.8,0.28,24573502
9/26/11 12:43,DGGIDPLVR,22.63,23.38,,23.01,0.27,27006744
9/27/11 0:12,DGGIDPLVR,22.49,23.24,,22.86,0.27,23914046
9/27/11 10:10,DGGIDPLVR,22.55,23.32,,22.92,0.27,33827164
9/27/11 20:05,DGGIDPLVR,22.52,23.29,,22.89,0.26,23491120
9/27/11 21:36,DGGIDPLVR,22.55,23.32,,22.92,0.27,24354038
9/27/11 23:06,DGGIDPLVR,22.52,23.27,,22.89,0.26,23178182
9/28/11 6:39,DGGIDPLVR,22.4,23.18,,22.78,0.31,20715094
9/28/11 18:44,DGGIDPLVR,22.37,23.18,,22.78,0.29,21910024
9/28/11 20:15,DGGIDPLVR,22.34,23.12,,22.72,0.27,21361528
9/28/11 21:45,DGGIDPLVR,22.4,23.21,,22.8,0.28,25089674
9/29/11 9:15,DGGIDPLVR,22.55,23.29,,22.92,0.28,21313348
9/29/11 19:13,DGGIDPLVR,22.34,23.12,,22.72,0.27,21361528
9/19/11 13:14,GFCGLSQPK,19.9,20.53,,20.18,0.23,13511653
9/19/11 14:45,GFCGLSQPK,19.87,20.56,,20.21,0.24,12343345
9/19/11 16:15,GFCGLSQPK,19.87,20.53,,20.16,0.24,13918548
9/19/11 17:46,GFCGLSQPK,19.87,20.53,,20.18,0.24,12670380
9/19/11 19:16,GFCGLSQPK,19.87,20.53,,20.18,0.24,12354144
9/19/11 20:47,GFCGLSQPK,19.95,20.62,,20.27,0.25,11831322
9/19/11 22:18,GFCGLSQPK,19.98,20.64,,20.3,0.24,14190130
9/19/11 23:48,GFCGLSQPK,20.01,20.67,,20.33,0.23,12795981
9/20/11 1:19,GFCGLSQPK,20.04,20.7,,20.36,0.24,13881678
9/20/11 16:26,GFCGLSQPK,19.87,20.53,,20.21,0.24,16065849
9/20/11 17:57,GFCGLSQPK,19.84,20.5,,20.16,0.23,14384179
9/20/11 19:28,GFCGLSQPK,19.9,20.56,,20.21,0.24,14777372
9/21/11 3:02,GFCGLSQPK,20.01,20.64,,20.3,0.23,15537293
9/21/11 15:07,GFCGLSQPK,19.92,20.59,,20.24,0.24,12365088
9/21/11 16:37,GFCGLSQPK,19.84,20.53,,20.16,0.24,12025969
9/21/11 18:08,GFCGLSQPK,19.87,20.53,,20.18,0.22,13165036
9/22/11 5:37,GFCGLSQPK,19.95,20.67,,20.3,0.24,12540602
9/22/11 15:37,GFCGLSQPK,20.04,20.7,,20.33,0.24,12401450
9/23/11 1:35,GFCGLSQPK,20.16,20.76,,20.44,0.23,11406219
9/23/11 3:05,GFCGLSQPK,20.18,20.88,,20.5,0.23,11342306
9/23/11 4:36,GFCGLSQPK,20.1,20.76,,20.41,0.23,12117833
9/23/11 12:09,GFCGLSQPK,20.1,20.76,,20.39,0.24,12050439
9/24/11 0:15,GFCGLSQPK,20.18,20.82,,20.47,0.25,11140829
9/24/11 1:46,GFCGLSQPK,20.18,20.82,,20.47,0.23,11425248
9/24/11 3:16,GFCGLSQPK,20.07,20.73,,20.41,0.24,12604454
9/24/11 14:47,GFCGLSQPK,20.01,20.67,,20.3,0.23,11239238
9/25/11 1:03,GFCGLSQPK,19.9,20.59,,20.21,0.24,11970155
9/25/11 11:02,GFCGLSQPK,19.81,20.5,,20.16,0.23,11223780
9/25/11 12:33,GFCGLSQPK,19.95,20.62,,20.24,0.24,11241448
9/25/11 14:03,GFCGLSQPK,20.16,20.82,,20.47,0.24,13292503
9/25/11 21:37,GFCGLSQPK,20.01,20.64,,20.33,0.25,12218146
9/26/11 9:42,GFCGLSQPK,20.04,20.7,,20.36,0.23,10650265
9/26/11 11:13,GFCGLSQPK,19.9,20.56,,20.18,0.24,11056073
9/26/11 12:43,GFCGLSQPK,20.07,20.73,,20.36,0.23,11778354
9/27/11 0:12,GFCGLSQPK,19.95,20.64,,20.27,0.26,10949925
9/27/11 10:10,GFCGLSQPK,20.07,20.73,,20.39,0.25,15387767
9/27/11 20:05,GFCGLSQPK,20.07,20.73,,20.39,0.23,10586422
9/27/11 21:36,GFCGLSQPK,20.07,20.76,,20.39,0.24,11421699
9/27/11 23:06,GFCGLSQPK,20.07,20.73,,20.39,0.23,10802818
9/28/11 6:39,GFCGLSQPK,19.98,20.64,,20.27,0.25,9090039
9/28/11 18:44,GFCGLSQPK,19.92,20.62,,20.27,0.25,9739660
9/28/11 20:15,GFCGLSQPK,19.87,20.53,,20.16,0.24,9747864
9/28/11 21:45,GFCGLSQPK,20.01,20.67,,20.33,0.25,10999008
9/29/11 9:15,GFCGLSQPK,20.07,20.76,,20.41,0.23,10031835
9/29/11 19:13,GFCGLSQPK,19.87,20.53,,20.16,0.24,9747864
9/19/11 13:14,VGPLLACLLGR,44.43,45.38,RT problems,44.83,0.32,12932612
9/19/11 14:45,VGPLLACLLGR,44.4,45.41,RT problems,44.86,0.34,12676495
9/19/11 16:15,VGPLLACLLGR,44.37,45.35,RT problems,44.86,0.35,17017482
9/19/11 17:46,VGPLLACLLGR,44.37,45.38,RT problems,44.95,0.41,9026942
9/19/11 19:16,VGPLLACLLGR,44.4,45.35,RT problems,44.83,0.33,10903818
9/19/11 20:47,VGPLLACLLGR,44.54,45.46,RT problems,44.98,0.32,12963137
9/19/11 22:18,VGPLLACLLGR,44.49,45.46,RT problems,44.95,0.33,16156410
9/19/11 23:48,VGPLLACLLGR,44.54,45.49,RT problems,45.03,0.34,15646699
9/20/11 1:19,VGPLLACLLGR,44.51,45.44,RT problems,45,0.33,15251151
9/20/11 16:26,VGPLLACLLGR,44.49,45.38,RT problems,45.03,0.22,5170961
9/20/11 17:57,VGPLLACLLGR,44.37,45.35,RT problems,44.8,0.33,13560157
9/20/11 19:28,VGPLLACLLGR,44.46,45.46,RT problems,44.92,0.34,14003584
9/21/11 3:02,VGPLLACLLGR,44.57,45.52,RT problems,45.03,0.34,18325534
9/21/11 15:07,VGPLLACLLGR,44.43,45.55,RT problems,44.89,0.3,5945211
9/21/11 16:37,VGPLLACLLGR,44.37,45.35,RT problems,44.83,0.34,19595658
9/21/11 18:08,VGPLLACLLGR,44.49,45.41,RT problems,44.92,0.34,18806864
9/22/11 5:37,VGPLLACLLGR,44.57,45.52,RT problems,45.06,0.35,18246826
9/22/11 15:37,VGPLLACLLGR,44.57,45.55,RT problems,45,0.33,17973358
9/23/11 1:35,VGPLLACLLGR,44.77,45.72,RT problems,45.26,0.32,18271102
9/23/11 3:05,VGPLLACLLGR,44.8,46.1,RT problems,45.21,0.36,16449821
9/23/11 4:36,VGPLLACLLGR,44.77,45.7,RT problems,45.18,0.34,18293020
9/23/11 12:09,VGPLLACLLGR,44.6,45.55,RT problems,45.06,0.31,12821239
9/24/11 0:15,VGPLLACLLGR,44.69,45.67,RT problems,45.18,0.37,18844424
9/24/11 1:46,VGPLLACLLGR,44.72,45.67,RT problems,45.15,0.33,19422164
9/24/11 3:16,VGPLLACLLGR,44.57,45.52,RT problems,44.95,0.32,7484270
9/24/11 14:47,VGPLLACLLGR,44.54,45.49,RT problems,45,0.3,18325056
9/25/11 1:03,VGPLLACLLGR,44.37,45.29,RT problems,44.86,0.32,16771666
9/25/11 11:02,VGPLLACLLGR,44.43,45.41,RT problems,44.89,0.34,16148787
9/25/11 12:33,VGPLLACLLGR,44.49,45.46,RT problems,44.95,0.35,16673945
9/25/11 14:03,VGPLLACLLGR,44.72,45.7,RT problems,45.21,0.34,16748039
9/25/11 21:37,VGPLLACLLGR,44.51,45.49,RT problems,44.98,0.34,15895894
9/26/11 9:42,VGPLLACLLGR,44.46,45.41,RT problems,44.92,0.34,16809598
9/26/11 11:13,VGPLLACLLGR,44.46,45.41,RT problems,44.92,0.34,16885026
9/26/11 12:43,VGPLLACLLGR,44.6,45.58,RT problems,45.06,0.34,18747026
9/27/11 0:12,VGPLLACLLGR,44.49,45.46,RT problems,44.92,0.34,17830640
9/27/11 10:10,VGPLLACLLGR,44.43,45.41,RT problems,44.89,0.36,19913622
9/27/11 20:05,VGPLLACLLGR,44.49,45.44,RT problems,44.92,0.3,18286132
9/27/11 21:36,VGPLLACLLGR,44.49,45.49,RT problems,45,0.34,19219338
9/27/11 23:06,VGPLLACLLGR,44.28,45.23,RT problems,44.74,0.29,4693060
9/28/11 6:39,VGPLLACLLGR,44.14,45.06,RT problems,44.72,0.31,7855591
9/28/11 18:44,VGPLLACLLGR,44.26,45.32,RT problems,44.74,0.38,17421792
9/28/11 20:15,VGPLLACLLGR,44.28,45.26,RT problems,44.74,0.33,17186572
9/28/11 21:45,VGPLLACLLGR,44.14,44.95,RT problems,44.54,0.37,17341754
9/29/11 9:15,VGPLLACLLGR,44.28,45.29,RT problems,44.77,0.36,18684972
9/29/11 19:13,VGPLLACLLGR,44.28,45.26,RT problems,44.74,0.33,17186572
9/19/11 13:14,VLDALDSIK,25.68,26.55,,26.06,0.32,92635128
9/19/11 14:45,VLDALDSIK,25.77,26.69,,26.17,0.34,106719360
9/19/11 16:15,VLDALDSIK,25.57,26.46,,25.97,0.32,94026904
9/19/11 17:46,VLDALDSIK,25.6,26.46,,25.97,0.32,104814840
9/19/11 19:16,VLDALDSIK,25.63,26.49,,26,0.32,103366200
9/19/11 20:47,VLDALDSIK,25.83,26.72,,26.26,0.33,110789328
9/19/11 22:18,VLDALDSIK,25.89,26.75,,26.26,0.34,110077192
9/19/11 23:48,VLDALDSIK,25.91,26.78,,26.29,0.32,106313576
9/20/11 1:19,VLDALDSIK,25.91,26.78,,26.29,0.33,109422752
9/20/11 16:26,VLDALDSIK,25.6,26.49,,26,0.33,116613408
9/20/11 17:57,VLDALDSIK,25.57,26.46,,25.97,0.34,114428216
9/20/11 19:28,VLDALDSIK,25.8,26.69,,26.2,0.34,110902480
9/21/11 3:02,VLDALDSIK,25.91,26.78,,26.29,0.33,113318608
9/21/11 15:07,VLDALDSIK,25.65,26.52,,26.03,0.34,103102928
9/21/11 16:37,VLDALDSIK,25.54,26.46,,25.94,0.33,105340496
9/21/11 18:08,VLDALDSIK,25.68,26.58,,26.09,0.33,108161336
9/22/11 5:37,VLDALDSIK,25.74,26.66,,26.17,0.34,107697640
9/22/11 15:37,VLDALDSIK,25.68,26.55,,26.09,0.33,105283144
9/23/11 1:35,VLDALDSIK,25.94,26.78,,26.32,0.32,99372984
9/23/11 3:05,VLDALDSIK,25.94,26.81,,26.35,0.32,97776704
9/23/11 4:36,VLDALDSIK,25.86,26.75,,26.26,0.33,103575424
9/23/11 12:09,VLDALDSIK,25.77,26.66,,26.17,0.33,100293248
9/24/11 0:15,VLDALDSIK,25.89,26.75,,26.26,0.31,92191792
9/24/11 1:46,VLDALDSIK,25.89,26.78,,26.29,0.32,98454280
9/24/11 3:16,VLDALDSIK,25.77,26.63,,26.14,0.33,103911288
9/24/11 14:47,VLDALDSIK,25.83,26.72,,26.23,0.34,97569344
9/25/11 1:03,VLDALDSIK,25.68,26.55,,26.06,0.33,95908608
9/25/11 11:02,VLDALDSIK,25.63,26.52,,26.03,0.34,94607800
9/25/11 12:33,VLDALDSIK,25.68,26.55,,26.03,0.33,93581584
9/25/11 14:03,VLDALDSIK,25.89,26.78,,26.32,0.33,104721512
9/25/11 21:37,VLDALDSIK,25.65,26.55,,26.03,0.34,101839200
9/26/11 9:42,VLDALDSIK,25.68,26.58,,26.12,0.32,95659384
9/26/11 11:13,VLDALDSIK,25.65,26.52,,26.06,0.32,93910528
9/26/11 12:43,VLDALDSIK,25.8,26.66,,26.17,0.32,100441776
9/27/11 0:12,VLDALDSIK,25.57,26.55,,26.03,0.35,96219904
9/27/11 10:10,VLDALDSIK,25.68,26.52,,26.06,0.33,109971264
9/27/11 20:05,VLDALDSIK,25.77,26.63,,26.17,0.31,91463656
9/27/11 21:36,VLDALDSIK,25.74,26.63,,26.14,0.33,91764592
9/27/11 23:06,VLDALDSIK,25.63,26.55,,26.03,0.33,96162440
9/28/11 6:39,VLDALDSIK,25.57,26.46,,25.97,0.33,83011008
9/28/11 18:44,VLDALDSIK,25.57,26.49,,26,0.33,87121784
9/28/11 20:15,VLDALDSIK,25.51,26.52,,26,0.37,81892080
9/28/11 21:45,VLDALDSIK,25.65,26.52,,26,0.33,94019904
9/29/11 9:15,VLDALDSIK,25.71,26.61,,26.12,0.33,89711104
9/29/11 19:13,VLDALDSIK,25.51,26.52,,26,0.37,81892080
9/19/11 13:14,YSTDVSVDEVK,18.92,19.38,,19.15,0.18,21851572
9/19/11 14:45,YSTDVSVDEVK,18.89,19.38,,19.12,0.17,21101500
9/19/11 16:15,YSTDVSVDEVK,18.89,19.38,,19.09,0.17,21250248
9/19/11 17:46,YSTDVSVDEVK,18.89,19.38,,19.12,0.18,21811052
9/19/11 19:16,YSTDVSVDEVK,18.89,19.38,,19.12,0.17,20517460
9/19/11 20:47,YSTDVSVDEVK,18.97,19.46,,19.21,0.17,20241130
9/19/11 22:18,YSTDVSVDEVK,19,19.49,,19.23,0.18,22472950
9/19/11 23:48,YSTDVSVDEVK,19,19.49,,19.23,0.17,19460264
9/20/11 1:19,YSTDVSVDEVK,19.03,19.55,,19.26,0.18,22010022
9/20/11 16:26,YSTDVSVDEVK,18.89,19.41,,19.12,0.17,24260326
9/20/11 17:57,YSTDVSVDEVK,18.86,19.35,,19.06,0.17,22778116
9/20/11 19:28,YSTDVSVDEVK,18.92,19.38,,19.12,0.17,22801776
9/21/11 3:02,YSTDVSVDEVK,19.03,19.52,,19.26,0.17,22765222
9/21/11 15:07,YSTDVSVDEVK,18.92,19.44,,19.18,0.18,18550682
9/21/11 16:37,YSTDVSVDEVK,18.86,19.35,,19.09,0.18,17816968
9/21/11 18:08,YSTDVSVDEVK,18.89,19.41,,19.15,0.18,17332828
9/22/11 5:37,YSTDVSVDEVK,18.97,19.49,,19.21,0.18,18895580
9/22/11 15:37,YSTDVSVDEVK,19.03,19.55,,19.29,0.17,18061934
9/23/11 1:35,YSTDVSVDEVK,19.15,19.64,,19.38,0.18,17613008
9/23/11 3:05,YSTDVSVDEVK,19.21,19.69,,19.44,0.17,17415972
9/23/11 4:36,YSTDVSVDEVK,19.09,19.64,,19.35,0.17,17986750
9/23/11 12:09,YSTDVSVDEVK,19.12,19.61,,19.32,0.17,17054306
9/24/11 0:15,YSTDVSVDEVK,19.21,19.69,,19.44,0.17,16695092
9/24/11 1:46,YSTDVSVDEVK,19.21,19.69,,19.44,0.17,17043606
9/24/11 3:16,YSTDVSVDEVK,19.12,19.61,,19.32,0.17,18539452
9/24/11 14:47,YSTDVSVDEVK,19,19.52,,19.23,0.18,17026164
9/25/11 1:03,YSTDVSVDEVK,18.89,19.38,,19.12,0.17,17919724
9/25/11 11:02,YSTDVSVDEVK,18.86,19.35,,19.09,0.17,16762766
9/25/11 12:33,YSTDVSVDEVK,18.95,19.46,,19.18,0.18,16841998
9/25/11 14:03,YSTDVSVDEVK,19.18,19.67,,19.41,0.17,19821326
9/25/11 21:37,YSTDVSVDEVK,19.03,19.55,,19.26,0.16,17722586
9/26/11 9:42,YSTDVSVDEVK,19.03,19.55,,19.26,0.17,16787834
9/26/11 11:13,YSTDVSVDEVK,18.92,19.44,,19.18,0.17,16622039
9/26/11 12:43,YSTDVSVDEVK,19.09,19.58,,19.32,0.17,17917742
9/27/11 0:12,YSTDVSVDEVK,18.97,19.49,,19.21,0.17,16295414
9/27/11 10:10,YSTDVSVDEVK,19.09,19.61,,19.32,0.17,22306548
9/27/11 20:05,YSTDVSVDEVK,19.09,19.58,,19.32,0.17,16584431
9/27/11 21:36,YSTDVSVDEVK,19.12,19.61,,19.35,0.17,15530478
9/27/11 23:06,YSTDVSVDEVK,19.09,19.61,,19.35,0.17,16708505
9/28/11 6:39,YSTDVSVDEVK,18.97,19.49,,19.21,0.18,15208408
9/28/11 18:44,YSTDVSVDEVK,18.95,19.46,,19.18,0.18,15515972
9/28/11 20:15,YSTDVSVDEVK,18.86,19.38,,19.09,0.17,15603782
9/28/11 21:45,YSTDVSVDEVK,19.03,19.55,,19.26,0.17,16038252
9/29/11 9:15,YSTDVSVDEVK,19.09,19.61,,19.32,0.17,15825209
9/29/11 19:13,YSTDVSVDEVK,18.86,19.38,,19.09,0.17,15603782
9/19/11 13:14,DDGSWEVIEGYR,31.82,32.74,,32.22,0.31,9549161
9/19/11 14:45,DDGSWEVIEGYR,31.9,32.82,,32.36,0.31,9374093
9/19/11 16:15,DDGSWEVIEGYR,31.73,32.8,,32.22,0.31,8914831
9/19/11 17:46,DDGSWEVIEGYR,31.82,32.74,,32.25,0.31,9266010
9/19/11 19:16,DDGSWEVIEGYR,31.76,32.71,,32.19,0.32,9231106
9/19/11 20:47,DDGSWEVIEGYR,31.93,32.8,,32.36,0.32,8999456
9/19/11 22:18,DDGSWEVIEGYR,31.99,32.94,,32.36,0.32,9278970
9/19/11 23:48,DDGSWEVIEGYR,32.02,32.85,,32.42,0.3,9375931
9/20/11 1:19,DDGSWEVIEGYR,31.99,32.91,,32.39,0.31,9411762
9/20/11 16:26,DDGSWEVIEGYR,31.87,32.8,,32.28,0.33,10220166
9/20/11 17:57,DDGSWEVIEGYR,31.79,32.77,,32.22,0.32,10216019
9/20/11 19:28,DDGSWEVIEGYR,31.9,32.8,,32.31,0.31,10026738
9/21/11 3:02,DDGSWEVIEGYR,31.93,32.94,,32.39,0.32,10325209
9/21/11 15:07,DDGSWEVIEGYR,31.87,32.85,,32.31,0.33,5970713
9/21/11 16:37,DDGSWEVIEGYR,31.79,32.74,,32.22,0.31,10046410
9/21/11 18:08,DDGSWEVIEGYR,31.87,32.77,,32.28,0.32,9268786
9/22/11 5:37,DDGSWEVIEGYR,31.96,32.88,,32.42,0.31,10052631
9/22/11 15:37,DDGSWEVIEGYR,31.82,32.74,,32.19,0.33,9694325
9/23/11 1:35,DDGSWEVIEGYR,31.96,32.88,,32.39,0.31,9297556
9/23/11 3:05,DDGSWEVIEGYR,31.96,32.82,,32.39,0.3,9008971
9/23/11 4:36,DDGSWEVIEGYR,31.85,32.88,,32.31,0.32,9329685
9/23/11 12:09,DDGSWEVIEGYR,31.9,32.88,,32.36,0.32,9929021
9/24/11 0:15,DDGSWEVIEGYR,31.99,32.85,,32.42,0.27,8588484
9/24/11 1:46,DDGSWEVIEGYR,31.93,32.94,,32.39,0.32,9018734
9/24/11 3:16,DDGSWEVIEGYR,31.96,33.05,,32.39,0.32,9859692
9/24/11 14:47,DDGSWEVIEGYR,32.08,33.03,,32.48,0.33,9007235
9/25/11 1:03,DDGSWEVIEGYR,31.87,32.85,,32.31,0.33,9143317
9/25/11 11:02,DDGSWEVIEGYR,31.9,32.91,,32.31,0.31,8814326
9/25/11 12:33,DDGSWEVIEGYR,31.87,32.82,,32.25,0.34,8741610
9/25/11 14:03,DDGSWEVIEGYR,32.1,33.05,,32.51,0.32,9670456
9/25/11 21:37,DDGSWEVIEGYR,31.9,32.91,,32.33,0.33,9916667
9/26/11 9:42,DDGSWEVIEGYR,31.96,32.91,,32.42,0.34,9319733
9/26/11 11:13,DDGSWEVIEGYR,31.87,32.82,,32.31,0.32,8950063
9/26/11 12:43,DDGSWEVIEGYR,32.02,32.88,,32.31,0.33,10275312
9/27/11 0:12,DDGSWEVIEGYR,31.93,32.88,,32.36,0.33,9093838
9/27/11 10:10,DDGSWEVIEGYR,31.82,32.77,,32.28,0.33,10509270
9/27/11 20:05,DDGSWEVIEGYR,32.05,33,,32.48,0.31,9022718
9/27/11 21:36,DDGSWEVIEGYR,31.99,32.97,,32.45,0.32,8872385
9/27/11 23:06,DDGSWEVIEGYR,31.87,32.88,,32.25,0.32,3094143
9/28/11 6:39,DDGSWEVIEGYR,31.87,32.8,,32.28,0.31,6027759
9/28/11 18:44,DDGSWEVIEGYR,31.82,32.88,,32.28,0.34,10162955
9/28/11 20:15,DDGSWEVIEGYR,31.85,32.74,,32.28,0.33,9207520
9/28/11 21:45,DDGSWEVIEGYR,31.9,32.91,,32.36,0.35,9794675
9/29/11 9:15,DDGSWEVIEGYR,31.96,33.08,,32.42,0.35,9626232
9/29/11 19:13,DDGSWEVIEGYR,31.85,32.74,,32.28,0.33,9207520
9/19/11 13:14,CAVVDVPFGGAK,28.33,29.2,,28.71,0.32,49242744
9/19/11 14:45,CAVVDVPFGGAK,28.45,29.31,,28.82,0.3,53316212
9/19/11 16:15,CAVVDVPFGGAK,28.19,29.08,,28.59,0.32,50248552
9/19/11 17:46,CAVVDVPFGGAK,28.19,29.11,,28.59,0.32,53865896
9/19/11 19:16,CAVVDVPFGGAK,28.28,29.14,,28.62,0.31,49522952
9/19/11 20:47,CAVVDVPFGGAK,28.48,29.37,,28.88,0.31,52744208
9/19/11 22:18,CAVVDVPFGGAK,28.56,29.43,,28.94,0.31,55682864
9/19/11 23:48,CAVVDVPFGGAK,28.59,29.46,,28.97,0.31,54087272
9/20/11 1:19,CAVVDVPFGGAK,28.59,29.46,,28.97,0.31,55412556
9/20/11 16:26,CAVVDVPFGGAK,28.22,29.11,,28.59,0.33,57255724
9/20/11 17:57,CAVVDVPFGGAK,28.22,29.11,,28.62,0.31,59493864
9/20/11 19:28,CAVVDVPFGGAK,28.45,29.34,,28.85,0.31,57221276
9/21/11 3:02,CAVVDVPFGGAK,28.56,29.43,,28.97,0.32,57336808
9/21/11 15:07,CAVVDVPFGGAK,28.28,29.2,,28.65,0.32,56001296
9/21/11 16:37,CAVVDVPFGGAK,28.16,29.05,,28.59,0.31,58529760
9/21/11 18:08,CAVVDVPFGGAK,28.36,29.23,,28.74,0.32,53813416
9/22/11 5:37,CAVVDVPFGGAK,28.45,29.37,,28.88,0.31,59258344
9/22/11 15:37,CAVVDVPFGGAK,28.28,29.14,,28.68,0.32,57026376
9/23/11 1:35,CAVVDVPFGGAK,28.56,29.43,,28.97,0.31,52837208
9/23/11 3:05,CAVVDVPFGGAK,28.56,29.43,,28.94,0.32,52615028
9/23/11 4:36,CAVVDVPFGGAK,28.51,29.37,,28.91,0.31,52164624
9/23/11 12:09,CAVVDVPFGGAK,28.39,29.28,,28.76,0.31,51825692
9/24/11 0:15,CAVVDVPFGGAK,28.51,29.37,,28.91,0.23,41090540
9/24/11 1:46,CAVVDVPFGGAK,28.53,29.43,,28.94,0.32,50729652
9/24/11 3:16,CAVVDVPFGGAK,28.42,29.31,,28.79,0.33,54408544
9/24/11 14:47,CAVVDVPFGGAK,28.51,29.4,,28.94,0.32,49490488
9/25/11 1:03,CAVVDVPFGGAK,28.33,29.23,,28.74,0.32,49279024
9/25/11 11:02,CAVVDVPFGGAK,28.33,29.23,,28.74,0.32,48145048
9/25/11 12:33,CAVVDVPFGGAK,28.3,29.17,,28.68,0.3,48558064
9/25/11 14:03,CAVVDVPFGGAK,28.53,29.43,,28.94,0.31,52650696
9/25/11 21:37,CAVVDVPFGGAK,28.3,29.17,,28.71,0.32,53189988
9/26/11 9:42,CAVVDVPFGGAK,28.36,29.28,,28.76,0.32,49377368
9/26/11 11:13,CAVVDVPFGGAK,28.28,29.17,,28.68,0.31,48503924
9/26/11 12:43,CAVVDVPFGGAK,28.45,29.31,,28.79,0.31,47591744
9/27/11 0:12,CAVVDVPFGGAK,28.3,29.2,,28.71,0.31,49079208
9/27/11 10:10,CAVVDVPFGGAK,28.39,29.25,,28.76,0.31,55474500
9/27/11 20:05,CAVVDVPFGGAK,28.36,29.28,,28.74,0.32,46940704
9/27/11 21:36,CAVVDVPFGGAK,28.42,29.31,,28.82,0.32,48237704
9/27/11 23:06,CAVVDVPFGGAK,28.3,29.2,,28.74,0.32,50105088
9/28/11 6:39,CAVVDVPFGGAK,28.22,29.11,,28.62,0.32,47395172
9/28/11 18:44,CAVVDVPFGGAK,28.28,29.2,,28.71,0.32,48542608
9/28/11 20:15,CAVVDVPFGGAK,28.25,29.14,,28.65,0.33,47387812
9/28/11 21:45,CAVVDVPFGGAK,28.25,29.14,,28.68,0.31,51877956
9/29/11 9:15,CAVVDVPFGGAK,28.39,29.31,,28.79,0.32,48570416
9/29/11 19:13,CAVVDVPFGGAK,28.25,29.14,,28.65,0.33,47387812
9/19/11 13:14,YNLGLDLR,28.62,29.48,,29.02,0.32,47565116
9/19/11 14:45,YNLGLDLR,28.76,29.63,,29.14,0.31,50889488
9/19/11 16:15,YNLGLDLR,28.53,29.4,,28.94,0.3,47268156
9/19/11 17:46,YNLGLDLR,28.53,29.43,,28.97,0.32,50508736
9/19/11 19:16,YNLGLDLR,28.56,29.43,,28.97,0.31,47339040
9/19/11 20:47,YNLGLDLR,28.76,29.63,,29.17,0.29,50999652
9/19/11 22:18,YNLGLDLR,28.82,29.69,,29.25,0.32,54561540
9/19/11 23:48,YNLGLDLR,28.85,29.69,,29.25,0.3,52215216
9/20/11 1:19,YNLGLDLR,28.85,29.69,,29.25,0.31,53171044
9/20/11 16:26,YNLGLDLR,28.53,29.46,,28.97,0.32,54546592
9/20/11 17:57,YNLGLDLR,28.56,29.46,,28.94,0.32,55502704
9/20/11 19:28,YNLGLDLR,28.74,29.6,,29.14,0.32,52665328
9/21/11 3:02,YNLGLDLR,28.82,29.66,,29.2,0.31,53479156
9/21/11 15:07,YNLGLDLR,28.59,29.48,,29.02,0.32,54855380
9/21/11 16:37,YNLGLDLR,28.48,29.37,,28.88,0.32,55549804
9/21/11 18:08,YNLGLDLR,28.94,29.54,,29.11,0.14,28049004
9/22/11 5:37,YNLGLDLR,28.76,29.66,,29.14,0.32,56087748
9/22/11 15:37,YNLGLDLR,28.59,29.46,,28.99,0.31,54754120
9/23/11 1:35,YNLGLDLR,28.82,29.66,,29.17,0.32,48846956
9/23/11 3:05,YNLGLDLR,28.82,29.69,,29.23,0.31,48320296
9/23/11 4:36,YNLGLDLR,28.76,29.63,,29.17,0.3,47552868
9/23/11 12:09,YNLGLDLR,28.68,29.54,,29.08,0.31,51858776
9/24/11 0:15,YNLGLDLR,28.79,29.66,,29.17,0.3,40826248
9/24/11 1:46,YNLGLDLR,28.79,29.66,,29.23,0.31,51997700
9/24/11 3:16,YNLGLDLR,28.71,29.6,,29.14,0.31,52684888
9/24/11 14:47,YNLGLDLR,28.82,29.69,,29.25,0.32,47110904
9/25/11 1:03,YNLGLDLR,28.65,29.51,,29.05,0.32,45807772
9/25/11 11:02,YNLGLDLR,28.65,29.51,,29.05,0.32,44459732
9/25/11 12:33,YNLGLDLR,28.59,29.48,,28.99,0.32,44277688
9/25/11 14:03,YNLGLDLR,28.79,29.66,,29.2,0.32,48555992
9/25/11 21:37,YNLGLDLR,28.62,29.48,,28.99,0.3,49869140
9/26/11 9:42,YNLGLDLR,28.68,29.57,,29.08,0.33,45105112
9/26/11 11:13,YNLGLDLR,28.56,29.46,,28.97,0.31,43973156
9/26/11 12:43,YNLGLDLR,28.68,29.54,,29.08,0.33,42260744
9/27/11 0:12,YNLGLDLR,28.65,29.51,,29.05,0.31,47481156
9/27/11 10:10,YNLGLDLR,28.65,29.51,,29.05,0.31,53010768
9/27/11 20:05,YNLGLDLR,28.71,29.57,,29.11,0.31,46568012
9/27/11 21:36,YNLGLDLR,28.74,29.63,,29.11,0.33,44576124
9/27/11 23:06,YNLGLDLR,28.62,29.48,,28.99,0.32,45806668
9/28/11 6:39,YNLGLDLR,28.53,29.43,,28.94,0.3,42066520
9/28/11 18:44,YNLGLDLR,28.62,29.48,,29.02,0.32,43763492
9/28/11 20:15,YNLGLDLR,28.53,29.43,,28.94,0.32,40621100
9/28/11 21:45,YNLGLDLR,28.56,29.46,,28.97,0.31,47645504
9/29/11 9:15,YNLGLDLR,28.68,29.6,,29.11,0.33,43087184
9/29/11 19:13,YNLGLDLR,28.53,29.43,,28.94,0.32,40621100
9/19/11 13:14,TAAYVNAIEK,18.6,19.09,,18.83,0.18,22469756
9/19/11 14:45,TAAYVNAIEK,18.57,19.09,,18.8,0.19,20801496
9/19/11 16:15,TAAYVNAIEK,18.57,19.06,,18.77,0.18,21277462
9/19/11 17:46,TAAYVNAIEK,18.57,19.09,,18.8,0.18,22276154
9/19/11 19:16,TAAYVNAIEK,18.57,19.09,,18.83,0.18,20757862
9/19/11 20:47,TAAYVNAIEK,18.66,19.15,,18.89,0.18,19974534
9/19/11 22:18,TAAYVNAIEK,18.69,19.21,,18.92,0.18,22473632
9/19/11 23:48,TAAYVNAIEK,18.66,19.21,,18.92,0.19,19872132
9/20/11 1:19,TAAYVNAIEK,18.69,19.23,,18.95,0.18,22454624
9/20/11 16:26,TAAYVNAIEK,18.57,19.09,,18.8,0.19,25403110
9/20/11 17:57,TAAYVNAIEK,18.54,19.06,,18.77,0.17,23309964
9/20/11 19:28,TAAYVNAIEK,18.57,19.09,,18.83,0.18,23380190
9/21/11 3:02,TAAYVNAIEK,18.69,19.21,,18.95,0.18,25383470
9/21/11 15:07,TAAYVNAIEK,18.63,19.15,,18.83,0.18,17498160
9/21/11 16:37,TAAYVNAIEK,18.57,19.06,,18.8,0.18,17537014
9/21/11 18:08,TAAYVNAIEK,18.57,19.09,,18.8,0.18,17590592
9/22/11 5:37,TAAYVNAIEK,18.66,19.18,,18.92,0.18,18750984
9/22/11 15:37,TAAYVNAIEK,18.69,19.23,,18.95,0.18,18208142
9/23/11 1:35,TAAYVNAIEK,18.77,19.32,,19.03,0.19,17164326
9/23/11 3:05,TAAYVNAIEK,18.83,19.41,,19.09,0.19,16827750
9/23/11 4:36,TAAYVNAIEK,18.77,19.29,,19.03,0.18,16988170
9/23/11 12:09,TAAYVNAIEK,18.77,19.29,,19.03,0.18,17246188
9/24/11 0:15,TAAYVNAIEK,18.83,19.38,,19.09,0.19,16582814
9/24/11 1:46,TAAYVNAIEK,18.86,19.38,,19.12,0.19,16784982
9/24/11 3:16,TAAYVNAIEK,18.77,19.29,,19,0.18,19404280
9/24/11 14:47,TAAYVNAIEK,18.69,19.21,,18.92,0.2,16378398
9/25/11 1:03,TAAYVNAIEK,18.57,19.09,,18.83,0.17,18370032
9/25/11 11:02,TAAYVNAIEK,18.57,19.09,,18.77,0.18,16335503
9/25/11 12:33,TAAYVNAIEK,18.63,19.15,,18.89,0.18,16325609
9/25/11 14:03,TAAYVNAIEK,18.83,19.35,,19.06,0.18,20101394
9/25/11 21:37,TAAYVNAIEK,18.72,19.23,,18.95,0.18,17350998
9/26/11 9:42,TAAYVNAIEK,18.72,19.26,,18.95,0.18,16200558
9/26/11 11:13,TAAYVNAIEK,18.63,19.15,,18.86,0.18,15761375
9/26/11 12:43,TAAYVNAIEK,18.77,19.29,,19,0.18,17997186
9/27/11 0:12,TAAYVNAIEK,18.66,19.18,,18.92,0.18,16008599
9/27/11 10:10,TAAYVNAIEK,18.77,19.29,,19,0.18,23803366
9/27/11 20:05,TAAYVNAIEK,18.74,19.29,,18.97,0.19,15193115
9/27/11 21:36,TAAYVNAIEK,18.77,19.29,,19,0.19,14667130
9/27/11 23:06,TAAYVNAIEK,18.77,19.29,,19.03,0.19,15078939
9/28/11 6:39,TAAYVNAIEK,18.66,19.21,,18.89,0.19,13078115
9/28/11 18:44,TAAYVNAIEK,18.63,19.15,,18.86,0.18,14058698
9/28/11 20:15,TAAYVNAIEK,18.51,19.06,,18.77,0.19,14112184
9/28/11 21:45,TAAYVNAIEK,18.72,19.23,,18.95,0.19,14511279
9/29/11 9:15,TAAYVNAIEK,18.77,19.29,,19,0.18,13803443
9/29/11 19:13,TAAYVNAIEK,18.51,19.06,,18.77,0.19,14112184
9/19/11 13:14,FFVAPFPEVFGK,46.5,47.39,RT problems,46.88,0.34,45602760
9/19/11 14:45,FFVAPFPEVFGK,46.47,47.37,RT problems,46.93,0.27,35566560
9/19/11 16:15,FFVAPFPEVFGK,46.47,47.42,RT problems,46.88,0.35,75932680
9/19/11 17:46,FFVAPFPEVFGK,46.53,47.39,RT problems,46.93,0.35,42728132
9/19/11 19:16,FFVAPFPEVFGK,46.5,47.48,RT problems,46.9,0.33,45227956
9/19/11 20:47,FFVAPFPEVFGK,46.67,47.6,RT problems,47.02,0.31,47571544
9/19/11 22:18,FFVAPFPEVFGK,46.67,47.6,RT problems,47.05,0.31,50785204
9/19/11 23:48,FFVAPFPEVFGK,46.7,47.65,RT problems,47.11,0.35,75423552
9/20/11 1:19,FFVAPFPEVFGK,46.67,47.62,RT problems,47.05,0.35,73847400
9/20/11 16:26,FFVAPFPEVFGK,46.53,47.42,RT problems,46.96,0.25,47423436
9/20/11 17:57,FFVAPFPEVFGK,46.44,47.48,RT problems,46.88,0.34,69410504
9/20/11 19:28,FFVAPFPEVFGK,46.65,47.62,RT problems,46.99,0.36,70255936
9/21/11 3:02,FFVAPFPEVFGK,46.65,47.57,RT problems,47.02,0.35,80757984
9/21/11 15:07,FFVAPFPEVFGK,46.5,47.51,RT problems,46.93,0.37,47260480
9/21/11 16:37,FFVAPFPEVFGK,46.47,47.42,RT problems,46.93,0.35,39373060
9/21/11 18:08,FFVAPFPEVFGK,46.59,47.48,RT problems,46.99,0.32,32859368
9/22/11 5:37,FFVAPFPEVFGK,46.73,47.54,RT problems,46.93,0.12,43599904
9/22/11 15:37,FFVAPFPEVFGK,46.62,47.51,RT problems,46.96,0.34,73333680
9/23/11 1:35,FFVAPFPEVFGK,46.9,47.8,RT problems,47.25,0.32,76762160
9/23/11 3:05,FFVAPFPEVFGK,46.85,47.62,RT problems,47.19,0.24,42682680
9/23/11 4:36,FFVAPFPEVFGK,46.82,47.74,RT problems,47.25,0.3,71248608
9/23/11 12:09,FFVAPFPEVFGK,46.67,47.65,RT problems,47.08,0.34,56699476
9/24/11 0:15,FFVAPFPEVFGK,46.79,47.71,RT problems,47.16,0.33,63796324
9/24/11 1:46,FFVAPFPEVFGK,46.76,47.71,RT problems,47.13,0.34,71346672
9/24/11 3:16,FFVAPFPEVFGK,46.65,47.6,RT problems,47.05,0.33,47421712
9/24/11 14:47,FFVAPFPEVFGK,46.59,47.54,RT problems,46.99,0.35,70973552
9/25/11 1:03,FFVAPFPEVFGK,46.41,47.37,RT problems,46.85,0.37,68644464
9/25/11 11:02,FFVAPFPEVFGK,46.53,47.48,RT problems,46.93,0.34,67139888
9/25/11 12:33,FFVAPFPEVFGK,46.56,47.51,RT problems,46.96,0.34,67550632
9/25/11 14:03,FFVAPFPEVFGK,46.79,47.74,RT problems,47.16,0.35,71082264
9/25/11 21:37,FFVAPFPEVFGK,46.56,47.42,RT problems,46.93,0.33,70535776
9/26/11 9:42,FFVAPFPEVFGK,46.47,47.42,RT problems,46.88,0.34,70486664
9/26/11 11:13,FFVAPFPEVFGK,46.5,47.45,RT problems,46.9,0.36,69651080
9/26/11 12:43,FFVAPFPEVFGK,46.67,47.6,RT problems,47.05,0.34,72288080
9/27/11 0:12,FFVAPFPEVFGK,46.53,47.39,RT problems,46.85,0.17,78471160
9/27/11 10:10,FFVAPFPEVFGK,46.33,47.65,RT problems,46.99,0.37,50479840
9/27/11 20:05,FFVAPFPEVFGK,46.53,47.51,RT problems,46.9,0.36,83416896
9/27/11 21:36,FFVAPFPEVFGK,46.53,47.48,RT problems,46.9,0.34,84028200
9/27/11 23:06,FFVAPFPEVFGK,46.24,47.22,RT problems,46.56,0.36,20989790
9/28/11 6:39,FFVAPFPEVFGK,46.1,47.13,RT problems,46.53,0.29,28105220
9/28/11 18:44,FFVAPFPEVFGK,46.36,47.34,RT problems,46.76,0.35,84887984
9/28/11 20:15,FFVAPFPEVFGK,46.3,47.25,RT problems,46.7,0.35,79135544
9/28/11 21:45,FFVAPFPEVFGK,46.13,47.13,RT problems,46.53,0.35,51411076
9/29/11 9:15,FFVAPFPEVFGK,46.33,47.37,RT problems,46.67,0.33,89583888
9/29/11 19:13,FFVAPFPEVFGK,46.3,47.25,RT problems,46.7,0.35,79135544
9/19/11 13:14,LVNELTEFAK,28.33,29.17,,28.68,0.3,40363576
9/19/11 14:45,LVNELTEFAK,28.48,29.31,,28.88,0.3,43190632
9/19/11 16:15,LVNELTEFAK,28.25,29.08,,28.62,0.32,40822232
9/19/11 17:46,LVNELTEFAK,28.25,29.11,,28.62,0.31,43657352
9/19/11 19:16,LVNELTEFAK,28.28,29.11,,28.62,0.29,40067388
9/19/11 20:47,LVNELTEFAK,28.48,29.31,,28.82,0.29,42874936
9/19/11 22:18,LVNELTEFAK,28.56,29.34,,28.91,0.28,45013228
9/19/11 23:48,LVNELTEFAK,28.56,29.4,,28.94,0.28,44163372
9/20/11 1:19,LVNELTEFAK,28.56,29.37,,28.94,0.28,45967696
9/20/11 16:26,LVNELTEFAK,28.25,29.11,,28.62,0.31,46141360
9/20/11 17:57,LVNELTEFAK,28.28,29.11,,28.65,0.3,48161972
9/20/11 19:28,LVNELTEFAK,28.48,29.28,,28.82,0.29,45880828
9/21/11 3:02,LVNELTEFAK,28.53,29.34,,28.88,0.29,47202576
9/21/11 15:07,LVNELTEFAK,28.3,29.17,,28.68,0.3,45937724
9/21/11 16:37,LVNELTEFAK,28.19,29.05,,28.56,0.3,48259556
9/21/11 18:08,LVNELTEFAK,28.36,29.23,,28.71,0.31,45065240
9/22/11 5:37,LVNELTEFAK,28.48,29.31,,28.85,0.29,48351600
9/22/11 15:37,LVNELTEFAK,28.3,29.11,,28.65,0.3,46933792
9/23/11 1:35,LVNELTEFAK,28.53,29.34,,28.88,0.28,43224764
9/23/11 3:05,LVNELTEFAK,28.53,29.34,,28.88,0.28,41909456
9/23/11 4:36,LVNELTEFAK,28.48,29.28,,28.82,0.29,42780724
9/23/11 12:09,LVNELTEFAK,28.42,29.23,,28.74,0.29,42252344
9/24/11 0:15,LVNELTEFAK,28.51,29.31,,28.88,0.26,34139080
9/24/11 1:46,LVNELTEFAK,28.51,29.31,,28.85,0.29,41328748
9/24/11 3:16,LVNELTEFAK,28.42,29.25,,28.76,0.3,43869272
9/24/11 14:47,LVNELTEFAK,28.53,29.4,,28.88,0.31,39852424
9/25/11 1:03,LVNELTEFAK,28.36,29.2,,28.71,0.29,39490736
9/25/11 11:02,LVNELTEFAK,28.36,29.2,,28.74,0.3,38696400
9/25/11 12:33,LVNELTEFAK,28.3,29.14,,28.68,0.3,39268380
9/25/11 14:03,LVNELTEFAK,28.51,29.37,,28.85,0.29,42755340
9/25/11 21:37,LVNELTEFAK,28.3,29.14,,28.65,0.3,42633888
9/26/11 9:42,LVNELTEFAK,28.39,29.23,,28.74,0.3,39866336
9/26/11 11:13,LVNELTEFAK,28.28,29.08,,28.62,0.29,39312420
9/26/11 12:43,LVNELTEFAK,28.39,29.2,,28.74,0.28,38232480
9/27/11 0:12,LVNELTEFAK,28.36,29.2,,28.71,0.3,39055440
9/27/11 10:10,LVNELTEFAK,28.39,29.17,,28.74,0.27,43548408
9/27/11 20:05,LVNELTEFAK,28.39,29.23,,28.76,0.3,37275480
9/27/11 21:36,LVNELTEFAK,28.42,29.28,,28.79,0.29,38629384
9/27/11 23:06,LVNELTEFAK,28.33,29.17,,28.71,0.31,37940116
9/28/11 6:39,LVNELTEFAK,28.25,29.11,,28.59,0.3,36746184
9/28/11 18:44,LVNELTEFAK,28.33,29.17,,28.71,0.3,37946336
9/28/11 20:15,LVNELTEFAK,28.25,29.05,,28.62,0.3,36705236
9/28/11 21:45,LVNELTEFAK,28.28,29.08,,28.62,0.29,40302616
9/29/11 9:15,LVNELTEFAK,28.39,29.23,,28.74,0.29,37338612
9/29/11 19:13,LVNELTEFAK,28.25,29.05,,28.62,0.3,36705236
9/19/11 13:14,SLHTLFGDELCK,29.69,30.58,,30.03,0.31,3192631
9/19/11 14:45,SLHTLFGDELCK,29.8,30.64,,30.2,0.27,3874242
9/19/11 16:15,SLHTLFGDELCK,29.6,30.55,,29.95,0.29,3235056
9/19/11 17:46,SLHTLFGDELCK,29.6,30.52,,30.03,0.29,3860399
9/19/11 19:16,SLHTLFGDELCK,29.63,30.49,,30,0.31,3942028
9/19/11 20:47,SLHTLFGDELCK,29.8,30.64,,30.18,0.29,4442319
9/19/11 22:18,SLHTLFGDELCK,29.86,30.75,,30.2,0.3,4563974
9/19/11 23:48,SLHTLFGDELCK,29.86,30.75,,30.23,0.3,4204363
9/20/11 1:19,SLHTLFGDELCK,29.83,30.72,,30.18,0.31,4313811
9/20/11 16:26,SLHTLFGDELCK,29.6,30.55,,30.03,0.33,4396234
9/20/11 17:57,SLHTLFGDELCK,29.6,30.55,,30.03,0.32,4219552
9/20/11 19:28,SLHTLFGDELCK,29.77,30.72,,30.12,0.31,4420415
9/21/11 3:02,SLHTLFGDELCK,29.8,30.64,,30.18,0.32,4450810
9/21/11 15:07,SLHTLFGDELCK,29.69,30.64,,30.09,0.34,3770802
9/21/11 16:37,SLHTLFGDELCK,29.57,30.46,,29.97,0.33,3921131
9/21/11 18:08,SLHTLFGDELCK,29.69,30.55,,30.12,0.3,4117603
9/22/11 5:37,SLHTLFGDELCK,29.77,30.75,,30.2,0.32,3925362
9/22/11 15:37,SLHTLFGDELCK,29.63,30.46,,30,0.31,3530390
9/23/11 1:35,SLHTLFGDELCK,29.71,30.66,,30.12,0.34,3762071
9/23/11 3:05,SLHTLFGDELCK,29.77,30.64,,30.18,0.32,3525555
9/23/11 4:36,SLHTLFGDELCK,29.74,30.64,,30.15,0.31,3657020
9/23/11 12:09,SLHTLFGDELCK,29.63,30.55,,30.06,0.31,3808553
9/24/11 0:15,SLHTLFGDELCK,29.71,30.66,,30.2,0.27,3363819
9/24/11 1:46,SLHTLFGDELCK,29.8,30.61,,30.2,0.32,3378239
9/24/11 3:16,SLHTLFGDELCK,29.69,30.61,,30.18,0.3,3892884
9/24/11 14:47,SLHTLFGDELCK,29.95,30.72,,30.23,0.31,3749205
9/25/11 1:03,SLHTLFGDELCK,29.69,30.55,,30.09,0.31,3671362
9/25/11 11:02,SLHTLFGDELCK,29.69,30.58,,30.12,0.31,3610106
9/25/11 12:33,SLHTLFGDELCK,29.57,30.46,,30,0.33,3454891
9/25/11 14:03,SLHTLFGDELCK,29.8,30.72,,30.2,0.32,3953253
9/25/11 21:37,SLHTLFGDELCK,29.54,30.52,,30.06,0.32,3813025
9/26/11 9:42,SLHTLFGDELCK,29.74,30.55,,30.12,0.31,3723398
9/26/11 11:13,SLHTLFGDELCK,29.57,30.43,,30,0.33,3721141
9/26/11 12:43,SLHTLFGDELCK,29.66,30.52,,30.03,0.31,3606543
9/27/11 0:12,SLHTLFGDELCK,29.69,30.49,,30.06,0.31,3868520
9/27/11 10:10,SLHTLFGDELCK,29.6,30.55,,30.03,0.32,4479787
9/27/11 20:05,SLHTLFGDELCK,29.69,30.61,,30.09,0.35,4052114
9/27/11 21:36,SLHTLFGDELCK,29.74,30.64,,30.18,0.31,3875453
9/27/11 23:06,SLHTLFGDELCK,29.63,30.52,,30,0.31,4071564
9/28/11 6:39,SLHTLFGDELCK,29.54,30.41,,29.97,0.31,3844415
9/28/11 18:44,SLHTLFGDELCK,29.66,30.46,,30.06,0.3,4146681
9/28/11 20:15,SLHTLFGDELCK,29.54,30.41,,29.92,0.32,4143349
9/28/11 21:45,SLHTLFGDELCK,29.57,30.41,,29.95,0.32,4061368
9/29/11 9:15,SLHTLFGDELCK,29.69,30.61,,30.15,0.32,4508453
9/29/11 19:13,SLHTLFGDELCK,29.54,30.41,,29.92,0.32,4143349
9/19/11 13:14,YNGVFQECCQAEDK,21.8,22.6,,22.2,0.34,608236
9/19/11 14:45,YNGVFQECCQAEDK,21.8,22.63,,22.26,0.3,632697
9/19/11 16:15,YNGVFQECCQAEDK,21.62,22.75,,22.17,0.28,637093
9/19/11 17:46,YNGVFQECCQAEDK,21.6,22.66,,22.26,0.34,656184
9/19/11 19:16,YNGVFQECCQAEDK,21.65,22.63,,22.14,0.27,637619
9/19/11 20:47,YNGVFQECCQAEDK,21.91,22.72,,22.34,0.27,631574
9/19/11 22:18,YNGVFQECCQAEDK,22,22.72,,22.37,0.28,666468
9/19/11 23:48,YNGVFQECCQAEDK,22,22.75,,22.37,0.28,641153
9/20/11 1:19,YNGVFQECCQAEDK,22.03,22.78,,22.4,0.27,634975
9/20/11 16:26,YNGVFQECCQAEDK,21.83,22.57,,22.23,0.27,752396
9/20/11 17:57,YNGVFQECCQAEDK,21.77,22.52,,22.17,0.27,721157
9/20/11 19:28,YNGVFQECCQAEDK,21.83,22.69,,22.29,0.26,688804
9/21/11 3:02,YNGVFQECCQAEDK,22,22.78,,22.4,0.29,708370
9/21/11 15:07,YNGVFQECCQAEDK,21.83,22.66,,22.23,0.27,629359
9/21/11 16:37,YNGVFQECCQAEDK,21.83,22.55,,22.2,0.26,587367
9/21/11 18:08,YNGVFQECCQAEDK,21.77,22.72,,22.14,0.3,574455
9/22/11 5:37,YNGVFQECCQAEDK,21.94,22.69,,22.29,0.29,630020
9/22/11 15:37,YNGVFQECCQAEDK,21.94,22.75,,22.34,0.27,562752
9/23/11 1:35,YNGVFQECCQAEDK,22.03,22.78,,22.43,0.29,584172
9/23/11 3:05,YNGVFQECCQAEDK,22.08,23.03,,22.52,0.27,593320
9/23/11 4:36,YNGVFQECCQAEDK,22.06,22.86,,22.43,0.26,591389
9/23/11 12:09,YNGVFQECCQAEDK,21.97,22.8,,22.4,0.27,579418
9/24/11 0:15,YNGVFQECCQAEDK,22.17,22.92,,22.52,0.26,560680
9/24/11 1:46,YNGVFQECCQAEDK,22.14,22.8,,22.43,0.29,553115
9/24/11 3:16,YNGVFQECCQAEDK,21.85,22.75,,22.37,0.26,592944
9/24/11 14:47,YNGVFQECCQAEDK,22.03,22.78,,22.37,0.28,525362
9/25/11 1:03,YNGVFQECCQAEDK,21.83,22.63,,22.26,0.28,518245
9/25/11 11:02,YNGVFQECCQAEDK,21.74,22.55,,22.14,0.26,486621
9/25/11 12:33,YNGVFQECCQAEDK,21.8,22.72,,22.29,0.28,486848
9/25/11 14:03,YNGVFQECCQAEDK,21.94,22.92,,22.49,0.26,574323
9/25/11 21:37,YNGVFQECCQAEDK,21.94,22.75,,22.34,0.29,552337
9/26/11 9:42,YNGVFQECCQAEDK,21.91,22.89,,22.37,0.28,559163
9/26/11 11:13,YNGVFQECCQAEDK,21.74,22.69,,22.26,0.27,522081
9/26/11 12:43,YNGVFQECCQAEDK,21.88,22.78,,22.34,0.27,549627
9/27/11 0:12,YNGVFQECCQAEDK,21.91,22.78,,22.4,0.23,485811
9/27/11 10:10,YNGVFQECCQAEDK,21.88,22.83,,22.4,0.24,564470
9/27/11 20:05,YNGVFQECCQAEDK,22.03,22.83,,22.37,0.29,490077
9/27/11 21:36,YNGVFQECCQAEDK,21.88,22.86,,22.43,0.26,513273
9/27/11 23:06,YNGVFQECCQAEDK,22.08,22.83,,22.37,0.27,483568
9/28/11 6:39,YNGVFQECCQAEDK,21.8,22.78,,22.31,0.27,471069
9/28/11 18:44,YNGVFQECCQAEDK,21.83,22.78,,22.2,0.28,496039
9/28/11 20:15,YNGVFQECCQAEDK,21.77,22.69,,22.2,0.26,509139
9/28/11 21:45,YNGVFQECCQAEDK,21.85,22.63,,22.23,0.27,508188
9/29/11 9:15,YNGVFQECCQAEDK,21.91,22.8,,22.34,0.28,472083
9/29/11 19:13,YNGVFQECCQAEDK,21.77,22.69,,22.2,0.26,509139
9/19/11 13:14,HLVDEPQNLIK,21.05,21.68,,21.34,0.23,4917036
9/19/11 14:45,HLVDEPQNLIK,21.13,21.74,,21.39,0.25,5191966
9/19/11 16:15,HLVDEPQNLIK,20.99,21.59,,21.28,0.22,5543847
9/19/11 17:46,HLVDEPQNLIK,21.02,21.68,,21.28,0.22,5074872
9/19/11 19:16,HLVDEPQNLIK,21.02,21.65,,21.34,0.23,5219599
9/19/11 20:47,HLVDEPQNLIK,21.16,21.8,,21.45,0.25,5288635
9/19/11 22:18,HLVDEPQNLIK,21.25,21.88,,21.54,0.23,5611004
9/19/11 23:48,HLVDEPQNLIK,21.28,21.97,,21.54,0.23,5546785
9/20/11 1:19,HLVDEPQNLIK,21.34,21.97,,21.57,0.23,5584431
9/20/11 16:26,HLVDEPQNLIK,21.02,21.65,,21.28,0.23,5820689
9/20/11 17:57,HLVDEPQNLIK,20.96,21.59,,21.19,0.24,5891295
9/20/11 19:28,HLVDEPQNLIK,21.13,21.8,,21.42,0.24,5619186
9/21/11 3:02,HLVDEPQNLIK,21.25,21.91,,21.54,0.25,6020554
9/21/11 15:07,HLVDEPQNLIK,21.08,21.74,,21.36,0.23,4408930
9/21/11 16:37,HLVDEPQNLIK,20.99,21.65,,21.28,0.23,4550331
9/21/11 18:08,HLVDEPQNLIK,21.05,21.71,,21.31,0.22,4428028
9/22/11 5:37,HLVDEPQNLIK,21.16,21.77,,21.45,0.22,4551445
9/22/11 15:37,HLVDEPQNLIK,21.19,21.83,,21.45,0.23,4420252
9/23/11 1:35,HLVDEPQNLIK,21.42,22.03,,21.68,0.22,4269880
9/23/11 3:05,HLVDEPQNLIK,21.42,22.08,,21.71,0.22,4215577
9/23/11 4:36,HLVDEPQNLIK,21.34,21.97,,21.59,0.22,4377054
9/23/11 12:09,HLVDEPQNLIK,21.28,21.91,,21.54,0.23,4124601
9/24/11 0:15,HLVDEPQNLIK,21.36,21.97,,21.62,0.22,3987535
9/24/11 1:46,HLVDEPQNLIK,21.39,22.03,,21.68,0.22,3948699
9/24/11 3:16,HLVDEPQNLIK,21.25,21.88,,21.51,0.22,4179827
9/24/11 14:47,HLVDEPQNLIK,21.19,21.91,,21.51,0.23,4287028
9/25/11 1:03,HLVDEPQNLIK,21.08,21.68,,21.31,0.22,3983304
9/25/11 11:02,HLVDEPQNLIK,20.93,21.59,,21.22,0.25,3911630
9/25/11 12:33,HLVDEPQNLIK,21.11,21.77,,21.39,0.22,3908522
9/25/11 14:03,HLVDEPQNLIK,21.36,21.97,,21.65,0.23,4348139
9/25/11 21:37,HLVDEPQNLIK,21.16,21.8,,21.45,0.23,4358767
9/26/11 9:42,HLVDEPQNLIK,21.16,21.91,,21.48,0.23,4126042
9/26/11 11:13,HLVDEPQNLIK,20.99,21.68,,21.28,0.27,3908435
9/26/11 12:43,HLVDEPQNLIK,21.28,21.91,,21.57,0.22,4163307
9/27/11 0:12,HLVDEPQNLIK,21.13,21.77,,21.42,0.22,3819274
9/27/11 10:10,HLVDEPQNLIK,21.19,21.85,,21.45,0.23,5663097
9/27/11 20:05,HLVDEPQNLIK,21.22,21.83,,21.48,0.23,3912237
9/27/11 21:36,HLVDEPQNLIK,21.19,21.8,,21.48,0.21,3926147
9/27/11 23:06,HLVDEPQNLIK,21.16,21.83,,21.42,0.23,4195728
9/28/11 6:39,HLVDEPQNLIK,21.08,21.74,,21.36,0.22,4096102
9/28/11 18:44,HLVDEPQNLIK,21.08,21.71,,21.34,0.23,4204536
9/28/11 20:15,HLVDEPQNLIK,20.99,21.65,,21.25,0.23,4286372
9/28/11 21:45,HLVDEPQNLIK,21.11,21.77,,21.39,0.22,4368358
9/29/11 9:15,HLVDEPQNLIK,21.19,21.85,,21.48,0.21,4475334
9/29/11 19:13,HLVDEPQNLIK,20.99,21.65,,21.25,0.23,4286372